actorId,connection,common_movies
nm0000329,"['nm0000216', 'nm0001401', 'nm0000329', 'nm0000163']","['Viy 2: Journey to China', 'Kung Fu Panda 2', 'None', 'Kung Fu Panda 2']"
nm0000115,"['nm0068338', 'nm0004851', 'nm0383603', 'nm0000293', 'nm1297015', 'nm0000168', 'nm0252961', 'nm0000210', 'nm0001401', 'nm0126284', 'nm1631269', 'nm0000237', 'nm0005377', 'nm0000125', 'nm0001467', 'nm0000234', 'nm0000115']","['Astro Boy', ""Captain Corelli's Mandolin"", 'Astro Boy', 'National Treasure', 'The Croods', 'Kiss of Death', 'Ghost Rider: Spirit of Vengeance', 'The Ant Bully', 'Gone in Sixty Seconds', 'Knowing', 'Kick-Ass', 'Face/Off', 'Matchstick Men', 'The Rock', 'Lord of War', 'Astro Boy', 'None']"
nm0000168,"['nm0000255', 'nm1089991', 'nm0000246', 'nm0000204', 'nm0000113', 'nm0424060', 'nm0000168', 'nm0000170', 'nm0000191', 'nm0000198', 'nm0000237', 'nm0000492', 'nm0000982', 'nm0001084', 'nm0262635', 'nm0004874', 'nm0000705', 'nm0000460', 'nm0000163', 'nm0564215', 'nm1200692', 'nm0000115']","['Changing Lanes', 'Kong: Skull Island', 'Die Hard with a Vengeance', 'Star Wars: Episode III - Revenge of the Sith', 'A Time to Kill', 'Captain America: The Winter Soldier', 'None', 'No Good Deed', 'Star Wars: Episode III - Revenge of the Sith', ""The Hitman's Bodyguard"", 'Basic', 'The Hateful Eight', 'Old Boy', 'xXx: State of the Union', 'Captain America: The Winter Soldier', 'xXx', 'Unbreakable', 'Die Hard with a Vengeance', 'Sphere', 'Glass', ""Miss Peregrine's Home for Peculiar Children"", 'Kiss of Death']"
nm0290556,"['nm0785227', 'nm0000204', 'nm0788335', 'nm0005458', 'nm0000170', 'nm0000213', 'nm0124930', 'nm0262635', 'nm0290556', 'nm1567113']","['Rise of the Planet of the Apes', 'Your Highness', 'The Broken Tower', 'Homefront', 'Future World', 'The Iceman', ""Na Nai'a: Legend of the Dolphins"", 'The Iceman', 'None', 'The Color of Time']"
nm0000553,"['nm0000204', 'nm0001337', 'nm0000553', 'nm0000113', 'nm0000178', 'nm0000210', 'nm0000191', 'nm0000161', 'nm0000354', 'nm0000112', 'nm0000142', 'nm0000949', 'nm0000234', 'nm1200692']","['Star Wars: Episode I - The Phantom Menace', 'The Nut Job', 'None', 'Gun Shy', 'Mark Felt: The Man Who Brought Down the White House', 'Michael Collins', 'Star Wars: Episode I - The Phantom Menace', 'The Prophet', 'Ponyo', 'Seraphim Falls', 'The Dead Pool', 'Ponyo', 'A Million Ways to Die in the West', 'Kingdom of Heaven']"
nm0000246,"['nm0000255', 'nm0000246', 'nm0000201', 'nm0000093', 'nm0004695', 'nm0935541', 'nm0000168', 'nm0000170', 'nm0000899', 'nm0000198', 'nm0000237', 'nm0001570', 'nm0000151', 'nm0147147', 'nm0000158', 'nm0000705', 'nm0000460', 'nm0000163', 'nm0000949', 'nm0564215']","['Armageddon', 'None', 'The Story of Us', 'Twelve Monkeys', 'Sin City', 'A Good Day to Die Hard', 'Die Hard with a Vengeance', 'The Fifth Element', 'Tears of the Sun', 'The Fifth Element', 'Pulp Fiction', 'Motherless Brooklyn', 'RED', 'The Cold Light of Day', 'The Bonfire of the Vanities', 'Unbreakable', 'Die Hard with a Vengeance', 'Billy Bathgate', 'Bandits', 'Glass']"
nm0000151,"['nm0000255', 'nm0000246', 'nm0000093', 'nm0424060', 'nm0001401', 'nm0000899', 'nm0000136', 'nm0000354', 'nm0124930', 'nm0000151', 'nm0000129', 'nm0000142', 'nm0000098', 'nm0000206', 'nm0000705', 'nm0000163', 'nm0564215']","['The Sum of All Fears', 'RED', 'Se7en', 'Lucy', 'Wanted', 'Under Suspicion', 'Transcendence', 'Invictus', 'Olympus Has Fallen', 'None', 'Oblivion', 'Million Dollar Baby', 'Bruce Almighty', 'Chain Reaction', 'Moll Flanders', 'Outbreak', 'Wanted']"
nm0000125,"['nm0000201', 'nm0000148', 'nm0000163', 'nm0000125', 'nm0000115']","['The Russia House', 'Indiana Jones and the Last Crusade', 'Family Business', 'None', 'The Rock']"
nm0000191,"['nm2539953', 'nm0000204', 'nm0000553', 'nm1055413', 'nm0424060', 'nm0000168', 'nm0266824', 'nm0413168', 'nm0000123', 'nm0000191', 'nm0000136', 'nm0000112', 'nm0000158', 'nm1200692']","['Son of a Gun', 'Star Wars: Episode II - Attack of the Clones', 'Star Wars: Episode I - The Phantom Menace', 'Haywire', 'The Island', 'Star Wars: Episode III - Revenge of the Sith', 'American Pastoral', 'Deception', 'The Men Who Stare at Goats', 'None', 'Mortdecai', 'The Ghost Writer', 'Angels & Demons', 'Perfect Sense']"
nm0000206,"['nm0000375', 'nm0000113', 'nm0705356', 'nm0000178', 'nm0000199', 'nm0000198', 'nm0000213', 'nm0000151', 'nm0262635', 'nm0000206', 'nm0000949', 'nm0000234']","['A Scanner Darkly', 'Speed', 'The Modern Ocean', 'Hardball', ""The Devil's Advocate"", ""Bram Stoker's Dracula"", 'A Scanner Darkly', 'Chain Reaction', 'Street Kings', 'None', 'The Gift', 'Sweet November']"
nm0000136,"['nm0004851', 'nm0000201', 'nm0383603', 'nm0000138', 'nm0001401', 'nm0000199', 'nm0000191', 'nm0000161', 'nm0000136', 'nm0000213', 'nm0000151', 'nm1212722', 'nm0000234', 'nm0564215', 'nm1200692']","['Blow', 'Dark Shadows', 'Charlie and the Chocolate Factory', ""What's Eating Gilbert Grape"", 'The Tourist', 'Donnie Brasco', 'Mortdecai', 'Once Upon a Time in Mexico', 'None', 'Edward Scissorhands', 'Transcendence', 'Black Mass', ""The Astronaut's Wife"", 'Sherlock Gnomes', 'Dark Shadows']"
nm0000460,"['nm2539953', 'nm0799777', 'nm0000255', 'nm1089991', 'nm0000246', 'nm1055413', 'nm0000138', 'nm0000168', 'nm0000199', 'nm0000213', 'nm0000460']","['Birds Like Us', 'The Batman', 'The Batman', 'High-Rise', 'Die Hard with a Vengeance', ""Assassin's Creed"", 'The Man in the Iron Mask', 'Die Hard with a Vengeance', 'The Merchant of Venice', 'The House of the Spirits', 'None']"
nm0000237,"['nm0000246', 'nm0000201', 'nm0424060', 'nm0000168', 'nm0413168', 'nm0425005', 'nm0000161', 'nm0000237', 'nm0000705', 'nm0000163', 'nm0001467', 'nm0000115']","['Pulp Fiction', 'Hairspray', 'A Love Song for Bobby Long', 'Basic', 'Swordfish', 'Be Cool', 'Lonely Hearts', 'None', ""She's So Lovely"", 'Mad City', 'Lonely Hearts', 'Face/Off']"
nm0000158,"['nm0799777', 'nm0000246', 'nm0000138', 'nm0000113', 'nm0000210', 'nm0000191', 'nm0914612', 'nm0000354', 'nm0000158', 'nm0000705', 'nm0000234']","['The Ladykillers', 'The Bonfire of the Vanities', 'Catch Me If You Can', 'Extremely Loud & Incredibly Close', 'Larry Crowne', 'Angels & Demons', 'The Circle', 'Saving Private Ryan', 'None', 'Forrest Gump', 'That Thing You Do!']"
nm0000230,"['nm0000216', 'nm0000113', 'nm0005458', 'nm0000230']","['Escape Plan', 'Demolition Man', 'The Expendables 3', 'None']"
nm0000354,"['nm2539953', 'nm0000132', 'nm0000255', 'nm0004851', 'nm0000093', 'nm0000553', 'nm0000138', 'nm0424060', 'nm0000210', 'nm0001401', 'nm0000899', 'nm0000123', 'nm0001570', 'nm0749263', 'nm0000354', 'nm0000982', 'nm0000226', 'nm0000151', 'nm0000242', 'nm0000158', 'nm0000949', 'nm0000234', 'nm1567113']","['Jason Bourne', 'The Rainmaker', 'Good Will Hunting', 'All the Pretty Horses', ""Ocean's Eleven"", 'Ponyo', 'The Departed', 'We Bought a Zoo', ""Ocean's Eleven"", 'The Good Shepherd', 'The Brothers Grimm', ""Ocean's Eleven"", 'Rounders', 'Margaret', 'None', 'True Grit', 'The Legend of Bagger Vance', 'Invictus', 'The Departed', 'Saving Private Ryan', 'The Monuments Men', 'The Legend of Bagger Vance', 'The Martian']"
nm0000112,"['nm0004695', 'nm0000553', 'nm0000293', 'nm0000170', 'nm0000191', 'nm0000161', 'nm0124930', 'nm0000112']","['Some Kind of Beautiful', 'Seraphim Falls', 'GoldenEye', 'Survivor', 'The Ghost Writer', 'Some Kind of Beautiful', 'Shattered', 'None']"
nm0000142,"['nm0000553', 'nm0000151', 'nm0000142']","['The Dead Pool', 'Million Dollar Baby', 'None']"
nm0004851,"['nm0001191', 'nm0004851', 'nm0000375', 'nm1055413', 'nm0000161', 'nm0000136', 'nm0000354', 'nm0000242', 'nm0000129', 'nm0000234', 'nm0000115']","['Der Weg des Ruhms', 'None', 'Gothika', 'The Counselor', 'Bandidas', 'Blow', 'All the Pretty Horses', 'Der Weg des Ruhms', 'Vanilla Sky', 'Head in the Clouds', ""Captain Corelli's Mandolin""]"
nm0000375,"['nm0000154', 'nm0004851', 'nm1165110', 'nm0000375', 'nm1046097', 'nm0350453', 'nm0424060', 'nm0749263', 'nm0000213', 'nm0262635', 'nm0000206', 'nm0000705', 'nm0000163']","['Air America', 'Gothika', 'Avengers: Age of Ultron', 'None', 'Sherlock Holmes 3', 'Zodiac', 'Captain America: Civil War', 'Zodiac', 'A Scanner Darkly', 'The Avengers', 'A Scanner Darkly', 'The Singing Detective', 'Chef']"
nm0000210,"['nm0799777', 'nm0000154', 'nm0000204', 'nm0000093', 'nm0004695', 'nm0000553', 'nm0266824', 'nm0000210', 'nm0000123', 'nm0001570', 'nm0000354', 'nm0000158', 'nm0000098', 'nm0005377', 'nm0000163', 'nm0000115']","['The Mexican', 'Conspiracy Theory', 'Closer', ""Ocean's Eleven"", ""Valentine's Day"", 'Michael Collins', ""Charlotte's Web"", 'None', ""Ocean's Eleven"", 'Everyone Says I Love You', ""Ocean's Eleven"", 'Larry Crowne', ""Mother's Day"", 'Confessions of a Dangerous Mind', 'Hook', 'The Ant Bully']"
nm0000949,"['nm0785227', 'nm1089991', 'nm0000246', 'nm1165110', 'nm0000204', 'nm0000093', 'nm0000553', 'nm0000138', 'nm0000113', 'nm1020089', 'nm0001401', 'nm0000123', 'nm0749263', 'nm0000354', 'nm0124930', 'nm0000148', 'nm0000206', 'nm1212722', 'nm0000949']","['Mowgli', 'Thor: Ragnarok', 'Bandits', 'Thor: Ragnarok', 'Knight of Cups', 'Babel', 'Ponyo', 'The Aviator', ""Ocean's 8"", 'Blue Jasmine', 'Pushing Tin', 'The Good German', 'Thor: Ragnarok', 'The Monuments Men', 'How to Train Your Dragon 3', 'Indiana Jones and the Kingdom of the Crystal Skull', 'The Gift', 'Mowgli', 'None']"
nm0000199,"['nm0001191', 'nm0000201', 'nm0000199', 'nm0000136', 'nm0000206', 'nm0000460', 'nm0000234']","['Jack and Jill', 'Frankie and Johnny', 'None', 'Donnie Brasco', ""The Devil's Advocate"", 'The Merchant of Venice', ""The Devil's Advocate""]"
nm0000198,"['nm0785227', 'nm0000246', 'nm0000204', 'nm0000168', 'nm0000170', 'nm0362766', 'nm0000198', 'nm0000213', 'nm0124930', 'nm0000148', 'nm0000206', 'nm0000705']","['Dawn of the Planet of the Apes', 'The Fifth Element', 'Léon: The Professional', ""The Hitman's Bodyguard"", 'The Fifth Element', 'Child 44', 'None', ""Bram Stoker's Dracula"", 'Hunter Killer', 'Air Force One', ""Bram Stoker's Dracula"", 'State of Grace']"
nm0000093,"['nm0799777', 'nm0000246', 'nm0000201', 'nm0000093', 'nm1055413', 'nm0005458', 'nm0000210', 'nm0001401', 'nm0000123', 'nm0001570', 'nm0000354', 'nm0000151', 'nm0000148', 'nm0000129', 'nm0000705', 'nm0000949', 'nm1567113']","['The Mexican', 'Twelve Monkeys', 'Sinbad: Legend of the Seven Seas', 'None', '12 Years a Slave', 'Snatch', ""Ocean's Eleven"", 'By the Sea', ""Ocean's Eleven"", 'Fight Club', ""Ocean's Eleven"", 'Se7en', ""The Devil's Own"", 'Interview with the Vampire: The Vampire Chronicles', 'Moneyball', 'Babel', 'The Tree of Life']"
nm0425005,"['nm1374980', 'nm0005458', 'nm0425005', 'nm0000237', 'nm0000226', 'nm0004874', 'nm0000242', 'nm0001467']","['Baywatch', 'The Fate of the Furious', 'None', 'Be Cool', 'Suicide Squad 2', 'The Fate of the Furious', 'Pain & Gain', 'Suicide Squad 2']"
nm0000242,"['nm0799777', 'nm0001191', 'nm0000154', 'nm0004851', 'nm0000138', 'nm0000178', 'nm0000123', 'nm0425005', 'nm0126284', 'nm0001570', 'nm0000354', 'nm0001084', 'nm0000242', 'nm0000098', 'nm0000234']","['Patriots Day', 'Der Weg des Ruhms', ""Daddy's Home 2"", 'Der Weg des Ruhms', 'The Departed', 'The Perfect Storm', 'Three Kings', 'Pain & Gain', 'Instant Family', 'The Italian Job', 'The Departed', 'Three Kings', 'None', 'Rock Star', 'The Italian Job']"
nm0000154,"['nm0000154', 'nm0000201', 'nm0004695', 'nm0000375', 'nm0000170', 'nm0000210', 'nm0000242', 'nm0000705']","['None', 'Tequila Sunrise', 'Machete Kills', 'Air America', 'The Million Dollar Hotel', 'Conspiracy Theory', ""Daddy's Home 2"", 'The Singing Detective']"
nm0000113,"['nm0000255', 'nm0000201', 'nm0000553', 'nm0000113', 'nm0000168', 'nm0185819', 'nm0000230', 'nm0000123', 'nm0000158', 'nm0000206', 'nm0000949']","['Forces of Nature', 'The Prince of Egypt', 'Gun Shy', 'None', 'A Time to Kill', 'Infamous', 'Demolition Man', 'Gravity', 'Extremely Loud & Incredibly Close', 'Speed', ""Ocean's 8""]"
nm0000148,"['nm0000201', 'nm0000093', 'nm1046097', 'nm0000293', 'nm0185819', 'nm0000198', 'nm0000148', 'nm0000125', 'nm0000949']","['What Lies Beneath', ""The Devil's Own"", 'Morning Glory', 'Patriot Games', 'Cowboys & Aliens', 'Air Force One', 'None', 'Indiana Jones and the Last Crusade', 'Indiana Jones and the Kingdom of the Crystal Skull']"
nm0000178,"['nm0000255', 'nm0000553', 'nm0788335', 'nm0000178', 'nm0266824', 'nm0000123', 'nm0262635', 'nm0000242', 'nm0147147', 'nm0000206']","['Hollywoodland', 'Mark Felt: The Man Who Brought Down the White House', 'Man of Steel', 'None', 'Every Secret Thing', 'The Perfect Storm', 'Fierce People', 'The Perfect Storm', 'Man of Steel', 'Hardball']"
nm0000201,"['nm2225369', 'nm0000132', 'nm0000154', 'nm0000246', 'nm0000201', 'nm0000093', 'nm0000113', 'nm0266824', 'nm0000123', 'nm0000199', 'nm0000237', 'nm0000136', 'nm0000492', 'nm0000213', 'nm0000148', 'nm0000705', 'nm0000125', 'nm1200692']","['Mother!', 'To Gillian on Her 37th Birthday', 'Tequila Sunrise', 'The Story of Us', 'None', 'Sinbad: Legend of the Seven Seas', 'The Prince of Egypt', 'I Am Sam', 'One Fine Day', 'Frankie and Johnny', 'Hairspray', 'Dark Shadows', 'A Thousand Acres', 'The Age of Innocence', 'What Lies Beneath', 'White Oleander', 'The Russia House', 'Dark Shadows']"
nm0000163,"['nm0001191', 'nm0000246', 'nm0000204', 'nm0000375', 'nm0350453', 'nm0424060', 'nm0000168', 'nm0000210', 'nm0001401', 'nm0000237', 'nm0914612', 'nm0000151', 'nm0000329', 'nm0000129', 'nm0000163', 'nm0000125']","['The Meyerowitz Stories (New and Selected)', 'Billy Bathgate', ""Mr. Magorium's Wonder Emporium"", 'Chef', 'Moonlight Mile', 'Chef', 'Sphere', 'Hook', 'Kung Fu Panda', 'Mad City', 'The Tale of Despereaux', 'Outbreak', 'Kung Fu Panda 2', 'Rain Man', 'None', 'Family Business']"
nm0005377,"['nm0000255', 'nm0447695', 'nm0000210', 'nm0000123', 'nm1631269', 'nm0005377', 'nm1567113', 'nm0000115']","['Glory Daze', 'Mr. Right', 'Confessions of a Dangerous Mind', 'Confessions of a Dangerous Mind', 'Laggies', 'None', 'Woman Walks Ahead', 'Matchstick Men']"
nm0000216,"['nm0000132', 'nm1055413', 'nm0000216', 'nm0000230', 'nm0000123', 'nm0000329']","['Terminator 3: Rise of the Machines', 'Kung Fury', 'None', 'Escape Plan', 'Batman & Robin', 'Viy 2: Journey to China']"
nm0124930,"['nm0001337', 'nm0788335', 'nm0252961', 'nm0001401', 'nm0000198', 'nm0124930', 'nm0000151', 'nm0000112', 'nm0000098', 'nm0000949', 'nm0290556']","['The Ugly Truth', 'Machine Gun Preacher', 'RocknRolla', 'Lara Croft Tomb Raider: The Cradle of Life', 'Hunter Killer', 'None', 'Olympus Has Fallen', 'Shattered', 'The Bounty Hunter', 'How to Train Your Dragon 3', ""Na Nai'a: Legend of the Dolphins""]"
nm0000129,"['nm0004851', 'nm0000093', 'nm0266824', 'nm0749263', 'nm0000151', 'nm0000129', 'nm0000163']","['Vanilla Sky', 'Interview with the Vampire: The Vampire Chronicles', 'War of the Worlds', 'Collateral', 'Oblivion', 'None', 'Rain Man']"
nm0005458,"['nm0000093', 'nm0004695', 'nm0005458', 'nm0000230', 'nm0425005', 'nm0126284', 'nm0000213', 'nm0001084', 'nm0262635', 'nm0004874', 'nm0290556']","['Snatch', 'Mechanic: Resurrection', 'None', 'The Expendables 3', 'The Fate of the Furious', 'Spy', 'Homefront', 'Ghosts of Mars', 'Cellular', 'The Fate of the Furious', 'Homefront']"
nm0000899,"['nm0000246', 'nm0000899', 'nm0000354', 'nm0000151']","['Tears of the Sun', 'None', 'The Brothers Grimm', 'Under Suspicion']"
nm0000492,"['nm0000201', 'nm0000204', 'nm0000168', 'nm0749263', 'nm0000492']","['A Thousand Acres', 'Annihilation', 'The Hateful Eight', 'In the Cut', 'None']"
nm0000234,"['nm0068338', 'nm0785227', 'nm0000255', 'nm0004851', 'nm1165110', 'nm0383603', 'nm0000553', 'nm0829576', 'nm1055413', 'nm0362766', 'nm0000199', 'nm1631269', 'nm0000136', 'nm0001570', 'nm0000354', 'nm0000226', 'nm0000242', 'nm0000158', 'nm0000206', 'nm0000234', 'nm0564215', 'nm1567113', 'nm0000115']","['Astro Boy', 'Flarsky', 'Reindeer Games', 'Head in the Clouds', ""The Huntsman: Winter's War"", 'Astro Boy', 'A Million Ways to Die in the West', 'Snow White and the Huntsman', 'Prometheus', 'Mad Max: Fury Road', ""The Devil's Advocate"", 'Dark Places', ""The Astronaut's Wife"", 'The Italian Job', 'The Legend of Bagger Vance', 'Hancock', 'The Italian Job', 'That Thing You Do!', 'Sweet November', 'None', 'Atomic Blonde', ""The Huntsman: Winter's War"", 'Astro Boy']"
nm0424060,"['nm0000204', 'nm0000375', 'nm0424060', 'nm0000168', 'nm0413168', 'nm0000191', 'nm0000237', 'nm0000354', 'nm0000151', 'nm0262635', 'nm0000163']","['The Other Boleyn Girl', 'Captain America: Civil War', 'None', 'Captain America: The Winter Soldier', 'Scoop', 'The Island', 'A Love Song for Bobby Long', 'We Bought a Zoo', 'Lucy', 'Captain America: The Winter Soldier', 'Chef']"
nm0001191,"['nm0001191', 'nm0004851', 'nm0000199', 'nm0000161', 'nm0000213', 'nm0000242', 'nm0000098', 'nm0000163']","['None', 'Der Weg des Ruhms', 'Jack and Jill', 'Grown Ups', 'Mr. Deeds', 'Der Weg des Ruhms', 'Just Go with It', 'The Meyerowitz Stories (New and Selected)']"
nm0000255,"['nm0799777', 'nm0000255', 'nm0000246', 'nm1046097', 'nm0000113', 'nm0000178', 'nm0000168', 'nm0447695', 'nm0000354', 'nm0000151', 'nm0147147', 'nm0005377', 'nm0000460', 'nm0000234']","['The Batman', 'None', 'Armageddon', 'State of Play', 'Forces of Nature', 'Hollywoodland', 'Changing Lanes', 'The Accountant', 'Good Will Hunting', 'The Sum of All Fears', 'Justice League Part Two', 'Glory Daze', 'The Batman', 'Reindeer Games']"
nm0000098,"['nm0001191', 'nm0350453', 'nm0447695', 'nm0000210', 'nm0749263', 'nm0124930', 'nm0000151', 'nm0004874', 'nm0000242', 'nm0000098']","['Just Go with It', 'The Good Girl', 'Cake', ""Mother's Day"", 'Rumor Has It...', 'The Bounty Hunter', 'Bruce Almighty', 'The Iron Giant', 'Rock Star', 'None']"
nm0001401,"['nm0000093', 'nm0001401', 'nm0000136', 'nm0000354', 'nm0000213', 'nm0124930', 'nm0000226', 'nm0000151', 'nm0000329', 'nm0000705', 'nm0000163', 'nm0000949', 'nm0564215', 'nm0000115']","['By the Sea', 'None', 'The Tourist', 'The Good Shepherd', 'Girl, Interrupted', 'Lara Croft Tomb Raider: The Cradle of Life', 'Shark Tale', 'Wanted', 'Kung Fu Panda 2', 'Beowulf', 'Kung Fu Panda', 'Pushing Tin', 'Wanted', 'Gone in Sixty Seconds']"
nm0000293,"['nm1165110', 'nm0000293', 'nm0000148', 'nm0000112', 'nm0000115']","['Ca$h', 'None', 'Patriot Games', 'GoldenEye', 'National Treasure']"
nm0749263,"['nm0785227', 'nm1089991', 'nm1165110', 'nm0000375', 'nm1046097', 'nm0000138', 'nm0350453', 'nm0749263', 'nm0000354', 'nm0000492', 'nm0262635', 'nm0000129', 'nm0000098', 'nm0000949']","['13 Going on 30', 'Thor: Ragnarok', 'Thor: Ragnarok', 'Zodiac', 'Spotlight', 'Shutter Island', 'Zodiac', 'None', 'Margaret', 'In the Cut', 'Avengers: Age of Ultron', 'Collateral', 'Rumor Has It...', 'Thor: Ragnarok']"
nm0000204,"['nm1089991', 'nm1165110', 'nm0000204', 'nm0000553', 'nm1055413', 'nm0350453', 'nm0424060', 'nm0000168', 'nm0000210', 'nm0000191', 'nm0000198', 'nm0000492', 'nm0000213', 'nm0000163', 'nm0000949', 'nm0290556']","['Thor', 'Thor', 'None', 'Star Wars: Episode I - The Phantom Menace', 'Song to Song', 'Brothers', 'The Other Boleyn Girl', 'Star Wars: Episode III - Revenge of the Sith', 'Closer', 'Star Wars: Episode II - Attack of the Clones', 'Léon: The Professional', 'Annihilation', 'Black Swan', ""Mr. Magorium's Wonder Emporium"", 'Knight of Cups', 'Your Highness']"
nm0362766,"['nm0000138', 'nm0000198', 'nm0000234', 'nm0185819', 'nm0362766']","['The Revenant', 'Child 44', 'Mad Max: Fury Road', 'Layer Cake', 'None']"
nm0413168,"['nm1374980', 'nm0350453', 'nm0413168', 'nm0000191', 'nm0799777', 'nm0000237', 'nm0424060', 'nm0564215']","['The Greatest Showman', 'Prisoners', 'None', 'Deception', 'The Front Runner', 'Swordfish', 'Scoop', 'X-Men: Days of Future Past']"
nm0000123,"['nm0000201', 'nm0000093', 'nm0000216', 'nm0000113', 'nm0000178', 'nm0447695', 'nm0000210', 'nm0000123', 'nm0000191', 'nm0000354', 'nm0000982', 'nm0001084', 'nm0000242', 'nm0005377', 'nm0000949']","['One Fine Day', ""Ocean's Eleven"", 'Batman & Robin', 'Gravity', 'The Perfect Storm', 'Up in the Air', ""Ocean's Eleven"", 'None', 'The Men Who Stare at Goats', ""Ocean's Eleven"", 'Hail, Caesar!', 'Three Kings', 'Three Kings', 'Confessions of a Dangerous Mind', 'The Good German']"
nm0000138,"['nm0000132', 'nm0000136', 'nm0749263', 'nm0000460', 'nm0000354', 'nm0000949', 'nm0000242', 'nm0000158', 'nm0000138', 'nm0362766']","['Romeo + Juliet', ""What's Eating Gilbert Grape"", 'Shutter Island', 'The Man in the Iron Mask', 'The Departed', 'The Aviator', 'The Departed', 'Catch Me If You Can', 'None', 'The Revenant']"
nm0350453,"['nm0000204', 'nm0000375', 'nm1046097', 'nm0788335', 'nm0350453', 'nm0447695', 'nm0413168', 'nm0749263', 'nm0000098', 'nm1212722', 'nm0000163', 'nm0001467', 'nm1567113']","['Brothers', 'Zodiac', 'Southpaw', 'Nocturnal Animals', 'None', 'End of Watch', 'Prisoners', 'Zodiac', 'The Good Girl', 'Rio', 'Moonlight Mile', 'Highway', 'The Division']"
nm0001084,"['nm0000123', 'nm0000168', 'nm0001084', 'nm0005458', 'nm0000242']","['Three Kings', 'xXx: State of the Union', 'None', 'Ghosts of Mars', 'Three Kings']"
nm0000161,"['nm0001191', 'nm0004851', 'nm0004695', 'nm0000553', 'nm0000161', 'nm0000237', 'nm0000136', 'nm0000226', 'nm0000112', 'nm0001467']","['Grown Ups', 'Bandidas', 'Some Kind of Beautiful', 'The Prophet', 'None', 'Lonely Hearts', 'Once Upon a Time in Mexico', 'Wild Wild West', 'Some Kind of Beautiful', 'Lonely Hearts']"
nm0000213,"['nm0000132', 'nm0001191', 'nm0000201', 'nm0000204', 'nm0004695', 'nm0000375', 'nm0788335', 'nm0005458', 'nm0001401', 'nm0000198', 'nm0000136', 'nm0000213', 'nm0262635', 'nm0000206', 'nm0000705', 'nm0000460', 'nm0290556']","['Little Women', 'Mr. Deeds', 'The Age of Innocence', 'Black Swan', 'The Ten', 'A Scanner Darkly', 'The Iceman', 'Homefront', 'Girl, Interrupted', ""Bram Stoker's Dracula"", 'Edward Scissorhands', 'None', 'The Iceman', 'A Scanner Darkly', 'The Private Lives of Pippa Lee', 'The House of the Spirits', 'The Iceman']"
nm0000226,"['nm0425005', 'nm0000161', 'nm0935541', 'nm0001570', 'nm0000354', 'nm0000982', 'nm0001467', 'nm0000234', 'nm0000226', 'nm0001401']","['Suicide Squad 2', 'Wild Wild West', 'Gemini Man', 'Collateral Beauty', 'The Legend of Bagger Vance', 'Men in Black 3', 'Suicide Squad', 'Hancock', 'None', 'Shark Tale']"
nm0000170,"['nm0000154', 'nm0000246', 'nm0000168', 'nm0000170', 'nm0000198', 'nm0001570', 'nm0000112', 'nm0290556']","['The Million Dollar Hotel', 'The Fifth Element', 'No Good Deed', 'None', 'The Fifth Element', 'Stone', 'Survivor', 'Future World']"
nm0788335,"['nm1165110', 'nm0829576', 'nm0788335', 'nm0350453', 'nm0000178', 'nm1020089', 'nm0266824', 'nm0000213', 'nm0124930', 'nm0262635', 'nm0147147', 'nm1212722', 'nm0290556', 'nm1567113']","['12 Strong', 'The Runaways', 'None', 'Nocturnal Animals', 'Man of Steel', 'The Shape of Water', 'The Runaways', 'The Iceman', 'Machine Gun Preacher', 'The Iceman', 'Man of Steel', 'The Current War', 'The Broken Tower', 'Take Shelter']"
nm0000982,"['nm0000123', 'nm0000168', 'nm0000354', 'nm0000982', 'nm1165110', 'nm0000226', 'nm0004695', 'nm1055413', 'nm1567113']","['Hail, Caesar!', 'Old Boy', 'True Grit', 'None', 'Untitled Avengers Movie', 'Men in Black 3', 'Sin City: A Dame to Kill For', 'Jonah Hex', 'George and Tammy']"
nm0799777,"['nm0799777', 'nm0000255', 'nm0000093', 'nm1297015', 'nm0447695', 'nm0000210', 'nm2552034', 'nm0413168', 'nm0126284', 'nm0000242', 'nm0000158', 'nm0000460']","['None', 'The Batman', 'The Mexican', 'La La Land', 'The Accountant', 'The Mexican', 'Whiplash', 'The Front Runner', 'The Meddler', 'Patriots Day', 'The Ladykillers', 'The Batman']"
nm0185819,"['nm0000113', 'nm0785227', 'nm0185819', 'nm1200692', 'nm0000148', 'nm0362766']","['Infamous', 'The Adventures of Tintin', 'None', 'Casino Royale', 'Cowboys & Aliens', 'Layer Cake']"
nm1567113,"['nm0350453', 'nm0005377', 'nm2225369', 'nm1631269', 'nm0695435', 'nm0000354', 'nm1089991', 'nm0252961', 'nm0000982', 'nm1165110', 'nm0000234', 'nm0564215', 'nm0000093', 'nm0290556', 'nm1055413', 'nm1567113', 'nm0788335']","['The Division', 'Woman Walks Ahead', 'X-Men: Dark Phoenix', 'Texas Killing Fields', 'Zero Dark Thirty', 'The Martian', 'Crimson Peak', ""Molly's Game"", 'George and Tammy', ""The Huntsman: Winter's War"", ""The Huntsman: Winter's War"", 'The Disappearance of Eleanor Rigby: Him', 'The Tree of Life', 'The Color of Time', 'X-Men: Dark Phoenix', 'None', 'Take Shelter']"
nm0829576,"['nm1631269', 'nm1165110', 'nm0000234', 'nm0829576', 'nm0266824', 'nm0788335']","['Clouds of Sils Maria', 'Snow White and the Huntsman', 'Snow White and the Huntsman', 'None', 'The Runaways', 'The Runaways']"
nm0564215,"['nm2539953', 'nm2225369', 'nm0000136', 'nm0000705', 'nm0705356', 'nm0000168', 'nm0000246', 'nm0000234', 'nm0564215', 'nm0000151', 'nm1055413', 'nm1567113', 'nm0001401', 'nm0413168']","['Submergence', 'X-Men: First Class', 'Sherlock Gnomes', 'The Conspirator', 'Victor Frankenstein', 'Glass', 'Glass', 'Atomic Blonde', 'None', 'Wanted', 'X-Men: First Class', 'The Disappearance of Eleanor Rigby: Him', 'Wanted', 'X-Men: Days of Future Past']"
nm0004874,"['nm0000098', 'nm0425005', 'nm0695435', 'nm0000168', 'nm0005458', 'nm0004874']","['The Iron Giant', 'The Fate of the Furious', 'Guardians of the Galaxy', 'xXx', 'The Fate of the Furious', 'None']"
nm0447695,"['nm0000123', 'nm1374980', 'nm0350453', 'nm0000098', 'nm0005377', 'nm0799777', 'nm0000255', 'nm0447695']","['Up in the Air', 'Mike and Dave Need Wedding Dates', 'End of Watch', 'Cake', 'Mr. Right', 'The Accountant', 'The Accountant', 'None']"
nm0000705,"['nm0000198', 'nm0000237', 'nm0000705', 'nm0000168', 'nm0000213', 'nm0000154', 'nm0000246', 'nm0000201', 'nm0564215', 'nm0000151', 'nm0000093', 'nm0000375', 'nm1046097', 'nm0000158', 'nm0001401']","['State of Grace', ""She's So Lovely"", 'None', 'Unbreakable', 'The Private Lives of Pippa Lee', 'The Singing Detective', 'Unbreakable', 'White Oleander', 'The Conspirator', 'Moll Flanders', 'Moneyball', 'The Singing Detective', 'A Most Wanted Man', 'Forrest Gump', 'Beowulf']"
nm1046097,"['nm0350453', 'nm1212722', 'nm0000705', 'nm0749263', 'nm1297015', 'nm0000255', 'nm0000375', 'nm1046097', 'nm0000148']","['Southpaw', 'Doctor Strange', 'A Most Wanted Man', 'Spotlight', 'Aloha', 'State of Play', 'Sherlock Holmes 3', 'None', 'Morning Glory']"
nm1055413,"['nm2539953', 'nm2225369', 'nm0000191', 'nm0000460', 'nm0000982', 'nm0004851', 'nm0000234', 'nm0564215', 'nm0000204', 'nm0000093', 'nm1055413', 'nm1567113', 'nm0147147', 'nm0000216']","['The Light Between Oceans', 'X-Men: First Class', 'Haywire', ""Assassin's Creed"", 'Jonah Hex', 'The Counselor', 'Prometheus', 'X-Men: First Class', 'Song to Song', '12 Years a Slave', 'None', 'X-Men: Dark Phoenix', 'Blood Creek', 'Kung Fury']"
nm1631269,"['nm1374980', 'nm0005377', 'nm0126284', 'nm1631269', 'nm0000234', 'nm0829576', 'nm1567113', 'nm0000115']","['Neighbors 2: Sorority Rising', 'Laggies', 'I Love You, Daddy', 'None', 'Dark Places', 'Clouds of Sils Maria', 'Texas Killing Fields', 'Kick-Ass']"
nm0262635,"['nm0000206', 'nm0126284', 'nm0424060', 'nm0749263', 'nm0000178', 'nm0000168', 'nm0000213', 'nm0252961', 'nm1165110', 'nm0005458', 'nm0262635', 'nm0004695', 'nm0000375', 'nm0290556', 'nm0266824', 'nm0788335']","['Street Kings', 'Sunshine', 'Captain America: The Winter Soldier', 'Avengers: Age of Ultron', 'Fierce People', 'Captain America: The Winter Soldier', 'The Iceman', 'The Losers', 'Avengers: Age of Ultron', 'Cellular', 'None', 'Fantastic Four', 'The Avengers', 'The Iceman', 'Push', 'The Iceman']"
nm0266824,"['nm0000191', 'nm0000178', 'nm0000201', 'nm0262635', 'nm0829576', 'nm0266824', 'nm0000210', 'nm0000129', 'nm0788335']","['American Pastoral', 'Every Secret Thing', 'I Am Sam', 'Push', 'The Runaways', 'None', ""Charlotte's Web"", 'War of the Worlds', 'The Runaways']"
nm0126284,"['nm1374980', 'nm0126284', 'nm1631269', 'nm0799777', 'nm0005458', 'nm0262635', 'nm0000242', 'nm0000115']","['Neighbors', 'None', 'I Love You, Daddy', 'The Meddler', 'Spy', 'Sunshine', 'Instant Family', 'Knowing']"
nm2225369,"['nm2225369', 'nm0695435', 'nm0000201', 'nm0564215', 'nm1055413', 'nm1567113']","['None', 'Passengers', 'Mother!', 'X-Men: First Class', 'X-Men: First Class', 'X-Men: Dark Phoenix']"
nm1212722,"['nm2539953', 'nm0350453', 'nm0785227', 'nm0000136', 'nm1212722', 'nm0000949', 'nm1046097', 'nm0788335']","['The Fifth Estate', 'Rio', 'Mowgli', 'Black Mass', 'None', 'Mowgli', 'Doctor Strange', 'The Current War']"
nm0001570,"['nm0001570', 'nm0000354', 'nm0000246', 'nm0000234', 'nm0000226', 'nm0000093', 'nm0000170', 'nm0000210', 'nm0000242']","['None', 'Rounders', 'Motherless Brooklyn', 'The Italian Job', 'Collateral Beauty', 'Fight Club', 'Stone', 'Everyone Says I Love You', 'The Italian Job']"
nm0252961,"['nm0252961', 'nm0124930', 'nm0262635', 'nm1567113', 'nm0000115']","['None', 'RocknRolla', 'The Losers', ""Molly's Game"", 'Ghost Rider: Spirit of Vengeance']"
nm0004695,"['nm0000161', 'nm0000213', 'nm0000982', 'nm0000154', 'nm0000246', 'nm0005458', 'nm0262635', 'nm0004695', 'nm0000210', 'nm0000112']","['Some Kind of Beautiful', 'The Ten', 'Sin City: A Dame to Kill For', 'Machete Kills', 'Sin City', 'Mechanic: Resurrection', 'Fantastic Four', 'None', ""Valentine's Day"", 'Some Kind of Beautiful']"
nm0705356,"['nm0000206', 'nm0935541', 'nm0914612', 'nm0705356', 'nm0564215']","['The Modern Ocean', 'Swiss Army Man', 'Harry Potter and the Prisoner of Azkaban', 'None', 'Victor Frankenstein']"
nm2539953,"['nm2539953', 'nm0000191', 'nm1212722', 'nm0000460', 'nm0000354', 'nm0564215', 'nm1200692', 'nm1055413', 'nm0147147']","['None', 'Son of a Gun', 'The Fifth Estate', 'Birds Like Us', 'Jason Bourne', 'Submergence', 'Euphoria', 'The Light Between Oceans', 'The Man from U.N.C.L.E.']"
nm1297015,"['nm0799777', 'nm1297015', 'nm1046097', 'nm0000115']","['La La Land', 'None', 'Aloha', 'The Croods']"
nm0001337,"['nm0124930', 'nm0001337', 'nm0000553']","['The Ugly Truth', 'None', 'The Nut Job']"
nm0068338,"['nm0068338', 'nm0000234', 'nm0383603', 'nm0000115']","['None', 'Astro Boy', 'Astro Boy', 'Astro Boy']"
nm1374980,"['nm1374980', 'nm0425005', 'nm0126284', 'nm1631269', 'nm0000132', 'nm0447695', 'nm0413168']","['None', 'Baywatch', 'Neighbors', 'Neighbors 2: Sorority Rising', 'Me and Orson Welles', 'Mike and Dave Need Wedding Dates', 'The Greatest Showman']"
nm0000132,"['nm1374980', 'nm0000132', 'nm0000354', 'nm0000213', 'nm0000201', 'nm0000216', 'nm0000138']","['Me and Orson Welles', 'None', 'The Rainmaker', 'Little Women', 'To Gillian on Her 37th Birthday', 'Terminator 3: Rise of the Machines', 'Romeo + Juliet']"
nm0785227,"['nm0000198', 'nm0785227', 'nm1212722', 'nm0749263', 'nm0000949', 'nm0000234', 'nm0185819', 'nm0290556']","['Dawn of the Planet of the Apes', 'None', 'Mowgli', '13 Going on 30', 'Mowgli', 'Flarsky', 'The Adventures of Tintin', 'Rise of the Planet of the Apes']"
nm0695435,"['nm2225369', 'nm0695435', 'nm0004874', 'nm1567113']","['Passengers', 'None', 'Guardians of the Galaxy', 'Zero Dark Thirty']"
nm0001467,"['nm0350453', 'nm0425005', 'nm0000161', 'nm0000237', 'nm0001467', 'nm0000226', 'nm0000115']","['Highway', 'Suicide Squad 2', 'Lonely Hearts', 'Lonely Hearts', 'None', 'Suicide Squad', 'Lord of War']"
nm1200692,"['nm2539953', 'nm0000191', 'nm0000136', 'nm0000168', 'nm0000201', 'nm0185819', 'nm0000553', 'nm1200692']","['Euphoria', 'Perfect Sense', 'Dark Shadows', ""Miss Peregrine's Home for Peculiar Children"", 'Dark Shadows', 'Casino Royale', 'Kingdom of Heaven', 'None']"
nm1165110,"['nm0749263', 'nm1089991', 'nm0000982', 'nm1165110', 'nm0000949', 'nm0000234', 'nm0000204', 'nm0262635', 'nm0000375', 'nm0829576', 'nm1567113', 'nm0788335', 'nm0000293']","['Thor: Ragnarok', 'Thor', 'Untitled Avengers Movie', 'None', 'Thor: Ragnarok', ""The Huntsman: Winter's War"", 'Thor', 'Avengers: Age of Ultron', 'Avengers: Age of Ultron', 'Snow White and the Huntsman', ""The Huntsman: Winter's War"", '12 Strong', 'Ca$h']"
nm0383603,"['nm0068338', 'nm0000136', 'nm0000234', 'nm0383603', 'nm0000115']","['Astro Boy', 'Charlie and the Chocolate Factory', 'Astro Boy', 'None', 'Astro Boy']"
nm0914612,"['nm0914612', 'nm0705356', 'nm0000163', 'nm0000158']","['None', 'Harry Potter and the Prisoner of Azkaban', 'The Tale of Despereaux', 'The Circle']"
nm0935541,"['nm0935541', 'nm0705356', 'nm0000246', 'nm0000226']","['None', 'Swiss Army Man', 'A Good Day to Die Hard', 'Gemini Man']"
nm1089991,"['nm0749263', 'nm0000460', 'nm0000168', 'nm1089991', 'nm1165110', 'nm0000949', 'nm0000204', 'nm1567113']","['Thor: Ragnarok', 'High-Rise', 'Kong: Skull Island', 'None', 'Thor', 'Thor: Ragnarok', 'Thor', 'Crimson Peak']"
nm1020089,"['nm1020089', 'nm0000949', 'nm0788335']","['None', 'Blue Jasmine', 'The Shape of Water']"
nm0147147,"['nm2539953', 'nm0000178', 'nm0000255', 'nm0000246', 'nm1055413', 'nm0147147', 'nm0788335']","['The Man from U.N.C.L.E.', 'Man of Steel', 'Justice League Part Two', 'The Cold Light of Day', 'Blood Creek', 'None', 'Man of Steel']"
nm3729721,['nm3729721'],['None']
nm2552034,"['nm2552034', 'nm0799777']","['None', 'Whiplash']"
